<keymap version="1" name="EasyMap Mac" parent="Mac OS X 10.5+">
  <action id="ActivateANTLRPreviewToolWindow">
    <keyboard-shortcut first-keystroke="meta t" second-keystroke="a" />
  </action>
  <action id="ActivateBuildToolWindow">
    <keyboard-shortcut first-keystroke="meta t" second-keystroke="b" />
  </action>
  <action id="ActivateCommitToolWindow">
    <keyboard-shortcut first-keystroke="meta 0" />
    <keyboard-shortcut first-keystroke="meta t" second-keystroke="c" />
  </action>
  <action id="ActivateDebugToolWindow">
    <keyboard-shortcut first-keystroke="meta 5" />
    <keyboard-shortcut first-keystroke="meta t" second-keystroke="d" />
  </action>
  <action id="ActivateFavoritesToolWindow">
    <keyboard-shortcut first-keystroke="meta 2" />
    <keyboard-shortcut first-keystroke="meta t" second-keystroke="space" />
  </action>
  <action id="ActivateFindToolWindow">
    <keyboard-shortcut first-keystroke="meta 3" />
    <keyboard-shortcut first-keystroke="meta t" second-keystroke="f" />
  </action>
  <action id="ActivateHierarchyToolWindow">
    <keyboard-shortcut first-keystroke="meta t" second-keystroke="h" />
  </action>
  <action id="ActivateInspectionResultsToolWindow">
    <keyboard-shortcut first-keystroke="meta t" second-keystroke="i" />
  </action>
  <action id="ActivateLearnToolWindow">
    <keyboard-shortcut first-keystroke="meta t" second-keystroke="l" />
  </action>
  <action id="ActivateMavenToolWindow">
    <keyboard-shortcut first-keystroke="meta t" second-keystroke="m" />
  </action>
  <action id="ActivateProblemsViewToolWindow">
    <keyboard-shortcut first-keystroke="meta 6" />
    <keyboard-shortcut first-keystroke="meta t" second-keystroke="e" />
    <keyboard-shortcut first-keystroke="meta t" second-keystroke="w" />
  </action>
  <action id="ActivateProjectToolWindow">
    <keyboard-shortcut first-keystroke="meta 1" />
    <keyboard-shortcut first-keystroke="meta t" second-keystroke="p" />
  </action>
  <action id="ActivatePullRequestsToolWindow">
    <keyboard-shortcut first-keystroke="meta t" second-keystroke="shift slash" />
  </action>
  <action id="ActivateRunToolWindow">
    <keyboard-shortcut first-keystroke="meta 4" />
    <keyboard-shortcut first-keystroke="meta t" second-keystroke="r" />
  </action>
  <action id="ActivateStructureToolWindow">
    <keyboard-shortcut first-keystroke="meta 7" />
    <keyboard-shortcut first-keystroke="meta t" second-keystroke="s" />
  </action>
  <action id="ActivateTODOToolWindow">
    <keyboard-shortcut first-keystroke="meta t" second-keystroke="meta t" />
  </action>
  <action id="ActivateTerminalToolWindow">
    <keyboard-shortcut first-keystroke="alt f12" />
    <keyboard-shortcut first-keystroke="meta t" second-keystroke="t" />
  </action>
  <action id="ActivateVersionControlToolWindow">
    <keyboard-shortcut first-keystroke="meta 9" />
    <keyboard-shortcut first-keystroke="meta t" second-keystroke="g" />
  </action>
  <action id="BreakpointActionsGroup">
    <keyboard-shortcut first-keystroke="meta d" second-keystroke="b" />
  </action>
  <action id="ChangeSignature">
    <keyboard-shortcut first-keystroke="meta f6" />
    <keyboard-shortcut first-keystroke="meta j" second-keystroke="meta s" />
  </action>
  <action id="ChangesView.AddUnversioned">
    <keyboard-shortcut first-keystroke="meta alt a" />
    <keyboard-shortcut first-keystroke="meta g" second-keystroke="a" />
  </action>
  <action id="ChangesView.Revert">
    <keyboard-shortcut first-keystroke="meta alt z" />
    <keyboard-shortcut first-keystroke="meta g" second-keystroke="r" />
  </action>
  <action id="ChangesView.Shelve">
    <keyboard-shortcut first-keystroke="meta g" second-keystroke="s" />
  </action>
  <action id="CheckinProject">
    <keyboard-shortcut first-keystroke="meta k" />
    <keyboard-shortcut first-keystroke="meta g" second-keystroke="c" />
  </action>
  <action id="ChooseDebugConfiguration">
    <keyboard-shortcut first-keystroke="ctrl alt d" />
    <keyboard-shortcut first-keystroke="meta d" second-keystroke="d" />
  </action>
  <action id="ChooseRunConfiguration">
    <keyboard-shortcut first-keystroke="ctrl alt r" />
    <keyboard-shortcut first-keystroke="meta j" second-keystroke="x" />
  </action>
  <action id="CompareTwoFiles" />
  <action id="CompileDirty">
    <keyboard-shortcut first-keystroke="meta f9" />
    <keyboard-shortcut first-keystroke="meta j" second-keystroke="b" />
  </action>
  <action id="CompileProject">
    <keyboard-shortcut first-keystroke="meta j" second-keystroke="c" />
  </action>
  <action id="Debugger.AddToWatch">
    <keyboard-shortcut first-keystroke="meta d" second-keystroke="w" />
  </action>
  <action id="Diff.ShowDiff" />
  <action id="Diff.ShowSettingsPopup" />
  <action id="DuplicatesForm.SendToLeft" />
  <action id="EditorDuplicate" />
  <action id="EditorKillRegion">
    <keyboard-shortcut first-keystroke="meta e" second-keystroke="k" />
  </action>
  <action id="EditorSortLines">
    <keyboard-shortcut first-keystroke="meta e" second-keystroke="s" />
  </action>
  <action id="EvaluateExpression">
    <keyboard-shortcut first-keystroke="alt f8" />
    <keyboard-shortcut first-keystroke="shift meta d" second-keystroke="x" />
  </action>
  <action id="ExtractMethod">
    <keyboard-shortcut first-keystroke="meta alt m" />
    <keyboard-shortcut first-keystroke="meta j" second-keystroke="meta m" />
  </action>
  <action id="FileChooser.GotoDesktop" />
  <action id="FileChooser.GotoHome" />
  <action id="FindNext" />
  <action id="Generate">
    <keyboard-shortcut first-keystroke="meta n" />
    <keyboard-shortcut first-keystroke="ctrl enter" />
    <keyboard-shortcut first-keystroke="meta j" second-keystroke="g" />
  </action>
  <action id="Git.Branches">
    <keyboard-shortcut first-keystroke="meta g" second-keystroke="b" />
  </action>
  <action id="Git.Commit.And.Push.Executor">
    <keyboard-shortcut first-keystroke="meta alt k" />
    <keyboard-shortcut first-keystroke="meta g" second-keystroke="meta up" />
  </action>
  <action id="Git.CompareWithBranch">
    <keyboard-shortcut first-keystroke="meta g" second-keystroke="shift slash" />
  </action>
  <action id="Git.CreateNewBranch">
    <keyboard-shortcut first-keystroke="meta g" second-keystroke="n" />
  </action>
  <action id="Git.Fetch">
    <keyboard-shortcut first-keystroke="meta g" second-keystroke="f" />
  </action>
  <action id="Git.Merge">
    <keyboard-shortcut first-keystroke="meta g" second-keystroke="m" />
  </action>
  <action id="Git.Pull">
    <keyboard-shortcut first-keystroke="meta g" second-keystroke="down" />
  </action>
  <action id="Git.Reset">
    <keyboard-shortcut first-keystroke="meta g" second-keystroke="shift exclamation_mark" />
  </action>
  <action id="Git.Tag">
    <keyboard-shortcut first-keystroke="meta g" second-keystroke="t" />
  </action>
  <action id="Gitmoji.GitCommitAction">
    <keyboard-shortcut first-keystroke="meta alt g" />
    <keyboard-shortcut first-keystroke="meta g" second-keystroke="shift colon" />
  </action>
  <action id="GotoDeclaration">
    <keyboard-shortcut first-keystroke="meta b" />
    <mouse-shortcut keystroke="meta button1" />
    <mouse-shortcut keystroke="Force touch" />
    <mouse-shortcut keystroke="button2" />
    <keyboard-shortcut first-keystroke="meta j" second-keystroke="d" />
  </action>
  <action id="GotoImplementation">
    <keyboard-shortcut first-keystroke="meta alt b" />
    <mouse-shortcut keystroke="meta alt button1" />
    <keyboard-shortcut first-keystroke="meta j" second-keystroke="down" />
  </action>
  <action id="GotoNextError">
    <keyboard-shortcut first-keystroke="f2" />
    <keyboard-shortcut first-keystroke="meta e" second-keystroke="down" />
  </action>
  <action id="GotoPreviousError">
    <keyboard-shortcut first-keystroke="shift f2" />
    <keyboard-shortcut first-keystroke="meta e" second-keystroke="up" />
  </action>
  <action id="GotoSuperMethod">
    <keyboard-shortcut first-keystroke="meta u" />
    <keyboard-shortcut first-keystroke="meta j" second-keystroke="up" />
  </action>
  <action id="GotoTypeDeclaration">
    <keyboard-shortcut first-keystroke="shift meta b" />
    <keyboard-shortcut first-keystroke="shift ctrl b" />
    <mouse-shortcut keystroke="shift meta button1" />
    <keyboard-shortcut first-keystroke="meta j" second-keystroke="t" />
  </action>
  <action id="GuiDesigner.Duplicate" />
  <action id="HideAllWindows">
    <keyboard-shortcut first-keystroke="shift meta f12" />
    <keyboard-shortcut first-keystroke="meta e" second-keystroke="h" />
  </action>
  <action id="ImplementMethods">
    <keyboard-shortcut first-keystroke="ctrl i" />
    <keyboard-shortcut first-keystroke="meta j" second-keystroke="i" />
  </action>
  <action id="Inline">
    <keyboard-shortcut first-keystroke="meta alt n" />
    <keyboard-shortcut first-keystroke="meta j" second-keystroke="meta i" />
  </action>
  <action id="InsertLiveTemplate">
    <keyboard-shortcut first-keystroke="meta j" second-keystroke="space" />
  </action>
  <action id="IntroduceField">
    <keyboard-shortcut first-keystroke="meta alt f" />
    <keyboard-shortcut first-keystroke="meta j" second-keystroke="meta f" />
  </action>
  <action id="IntroduceParameter">
    <keyboard-shortcut first-keystroke="meta alt p" />
    <keyboard-shortcut first-keystroke="meta j" second-keystroke="meta p" />
  </action>
  <action id="IntroduceVariable">
    <keyboard-shortcut first-keystroke="meta alt v" />
    <keyboard-shortcut first-keystroke="meta j" second-keystroke="meta v" />
  </action>
  <action id="MemberPushDown">
    <keyboard-shortcut first-keystroke="meta j" second-keystroke="alt down" />
  </action>
  <action id="MembersPullUp">
    <keyboard-shortcut first-keystroke="meta j" second-keystroke="alt up" />
  </action>
  <action id="NewClass">
    <keyboard-shortcut first-keystroke="meta j" second-keystroke="n" />
  </action>
  <action id="NewDir">
    <keyboard-shortcut first-keystroke="meta j" second-keystroke="k" />
  </action>
  <action id="NextTab">
    <keyboard-shortcut first-keystroke="shift meta close_bracket" />
    <keyboard-shortcut first-keystroke="ctrl right" />
    <keyboard-shortcut first-keystroke="meta e" second-keystroke="right" />
  </action>
  <action id="ParameterInfo">
    <keyboard-shortcut first-keystroke="meta p" />
    <keyboard-shortcut first-keystroke="meta j" second-keystroke="p" />
  </action>
  <action id="PasteMultiple">
    <keyboard-shortcut first-keystroke="shift meta v" />
    <keyboard-shortcut first-keystroke="meta e" second-keystroke="y" />
  </action>
  <action id="Pause">
    <keyboard-shortcut first-keystroke="meta d" second-keystroke="space" />
  </action>
  <action id="PreviousTab">
    <keyboard-shortcut first-keystroke="shift meta open_bracket" />
    <keyboard-shortcut first-keystroke="ctrl left" />
    <keyboard-shortcut first-keystroke="meta e" second-keystroke="left" />
  </action>
  <action id="QuickEvaluateExpression">
    <keyboard-shortcut first-keystroke="meta alt f8" />
    <mouse-shortcut keystroke="alt button1" />
    <keyboard-shortcut first-keystroke="meta d" second-keystroke="q" />
  </action>
  <action id="QuickImplementations">
    <keyboard-shortcut first-keystroke="alt space" />
    <keyboard-shortcut first-keystroke="meta y" />
    <keyboard-shortcut first-keystroke="meta j" second-keystroke="q" />
  </action>
  <action id="QuickJavaDoc">
    <keyboard-shortcut first-keystroke="f1" />
    <keyboard-shortcut first-keystroke="ctrl j" />
    <mouse-shortcut keystroke="control button2" />
    <keyboard-shortcut first-keystroke="meta j" second-keystroke="shift slash" />
  </action>
  <action id="QuickList.Git">
    <keyboard-shortcut first-keystroke="meta g" second-keystroke="q" />
  </action>
  <action id="QuickList.Java">
    <keyboard-shortcut first-keystroke="meta j" second-keystroke="j" />
  </action>
  <action id="RearrangeCode">
    <keyboard-shortcut first-keystroke="meta j" second-keystroke="a" />
  </action>
  <action id="RecentFiles">
    <keyboard-shortcut first-keystroke="meta e" second-keystroke="r" />
  </action>
  <action id="Refactorings.QuickListPopupAction">
    <keyboard-shortcut first-keystroke="ctrl t" />
    <keyboard-shortcut first-keystroke="meta j" second-keystroke="meta r" />
  </action>
  <action id="ReformatCode">
    <keyboard-shortcut first-keystroke="meta alt l" />
    <keyboard-shortcut first-keystroke="meta j" second-keystroke="f" />
  </action>
  <action id="RenameElement">
    <keyboard-shortcut first-keystroke="shift f6" />
    <keyboard-shortcut first-keystroke="meta j" second-keystroke="r" />
  </action>
  <action id="Resume">
    <keyboard-shortcut first-keystroke="meta alt r" />
    <keyboard-shortcut first-keystroke="f9" />
    <keyboard-shortcut first-keystroke="meta d" second-keystroke="r" />
  </action>
  <action id="RunDashboard.CopyConfiguration" />
  <action id="SearchEverywhere">
    <keyboard-shortcut first-keystroke="meta e" second-keystroke="space" />
  </action>
  <action id="SelectInProjectView">
    <keyboard-shortcut first-keystroke="meta e" second-keystroke="p" />
  </action>
  <action id="SendEOF" />
  <action id="ShelveChanges.UnshelveWithDialog">
    <keyboard-shortcut first-keystroke="shift meta u" />
    <keyboard-shortcut first-keystroke="meta g" second-keystroke="u" />
  </action>
  <action id="ShowUsages">
    <keyboard-shortcut first-keystroke="meta alt f7" />
    <keyboard-shortcut first-keystroke="meta j" second-keystroke="u" />
  </action>
  <action id="SmartStepInto">
    <keyboard-shortcut first-keystroke="shift f7" />
    <keyboard-shortcut first-keystroke="meta d" second-keystroke="right" />
  </action>
  <action id="StepOut">
    <keyboard-shortcut first-keystroke="shift f8" />
    <keyboard-shortcut first-keystroke="meta d" second-keystroke="up" />
  </action>
  <action id="StepOver">
    <keyboard-shortcut first-keystroke="f8" />
    <keyboard-shortcut first-keystroke="meta d" second-keystroke="down" />
  </action>
  <action id="Stop">
    <keyboard-shortcut first-keystroke="meta f2" />
    <keyboard-shortcut first-keystroke="meta d" second-keystroke="s" />
  </action>
  <action id="StringManipulation.SwitchStyleAction">
    <keyboard-shortcut first-keystroke="meta e" second-keystroke="minus" />
  </action>
  <action id="StringManipulation.SwitchStyleAction.Reverse">
    <keyboard-shortcut first-keystroke="meta e" second-keystroke="shift underscore" />
  </action>
  <action id="SwitcherIterateItems" />
  <action id="SwitcherRecentEditedChangedToggleCheckBox" />
  <action id="ToggleZenMode">
    <keyboard-shortcut first-keystroke="meta e" second-keystroke="z" />
  </action>
  <action id="Vcs.Push">
    <keyboard-shortcut first-keystroke="shift meta k" />
    <keyboard-shortcut first-keystroke="meta g" second-keystroke="up" />
  </action>
  <action id="Vcs.Show.Log">
    <keyboard-shortcut first-keystroke="meta g" second-keystroke="l" />
  </action>
  <action id="Vcs.ShowMessageHistory">
    <keyboard-shortcut first-keystroke="ctrl m" />
  </action>
  <action id="Vcs.ShowTabbedFileHistory">
    <keyboard-shortcut first-keystroke="meta g" second-keystroke="h" />
  </action>
  <action id="Vcs.UpdateProject" />
  <action id="XDebugger.AttachToProcess">
    <keyboard-shortcut first-keystroke="shift alt f5" />
    <keyboard-shortcut first-keystroke="meta d" second-keystroke="a" />
  </action>
  <action id="XDebugger.CopyWatch" />
  <action id="XDebugger.Inspect">
    <keyboard-shortcut first-keystroke="meta d" second-keystroke="i" />
  </action>
  <action id="XDebugger.MuteBreakpoints">
    <keyboard-shortcut first-keystroke="meta d" second-keystroke="m" />
  </action>
  <action id="editRunConfigurations">
    <keyboard-shortcut first-keystroke="meta d" second-keystroke="c" />
  </action>
  <action id="osmedile.intellij.stringmanip.ToLowerCaseAction">
    <keyboard-shortcut first-keystroke="meta e" second-keystroke="alt down" />
  </action>
  <action id="osmedile.intellij.stringmanip.ToUpperCaseAction">
    <keyboard-shortcut first-keystroke="meta e" second-keystroke="alt up" />
  </action>
</keymap>