<keymap version="1" name="Jonathan" parent="Mac OS X 10.5+">
  <action id="ActivateANTLRPreviewToolWindow">
    <keyboard-shortcut first-keystroke="meta t" second-keystroke="a" />
  </action>
  <action id="ActivateBuildToolWindow">
    <keyboard-shortcut first-keystroke="meta t" second-keystroke="b" />
  </action>
  <action id="ActivateCommitToolWindow">
    <keyboard-shortcut first-keystroke="meta t" second-keystroke="c" />
  </action>
  <action id="ActivateDebugToolWindow">
    <keyboard-shortcut first-keystroke="meta t" second-keystroke="d" />
  </action>
  <action id="ActivateDocumentationToolWindow">
    <keyboard-shortcut first-keystroke="meta t" second-keystroke="j" />
  </action>
  <action id="ActivateFavoritesToolWindow">
    <keyboard-shortcut first-keystroke="meta t" second-keystroke="space" />
  </action>
  <action id="ActivateFindToolWindow">
    <keyboard-shortcut first-keystroke="meta t" second-keystroke="f" />
  </action>
  <action id="ActivateHierarchyToolWindow">
    <keyboard-shortcut first-keystroke="meta t" second-keystroke="h" />
  </action>
  <action id="ActivateInspectionResultsToolWindow">
    <keyboard-shortcut first-keystroke="meta t" second-keystroke="i" />
  </action>
  <action id="ActivateLearnToolWindow">
    <keyboard-shortcut first-keystroke="meta t" second-keystroke="l" />
  </action>
  <action id="ActivateMavenToolWindow">
    <keyboard-shortcut first-keystroke="meta t" second-keystroke="m" />
  </action>
  <action id="ActivateProblemsToolWindow">
    <keyboard-shortcut first-keystroke="meta t" second-keystroke="a" />
  </action>
  <action id="ActivateProblemsViewToolWindow">
    <keyboard-shortcut first-keystroke="meta t" second-keystroke="w" />
    <keyboard-shortcut first-keystroke="meta t" second-keystroke="e" />
  </action>
  <action id="ActivateProjectToolWindow">
    <keyboard-shortcut first-keystroke="meta t" second-keystroke="p" />
  </action>
  <action id="ActivateRunToolWindow">
    <keyboard-shortcut first-keystroke="meta t" second-keystroke="x" />
    <keyboard-shortcut first-keystroke="meta t" second-keystroke="r" />
  </action>
  <action id="ActivateServicesToolWindow" />
  <action id="ActivateStructureToolWindow">
    <keyboard-shortcut first-keystroke="meta t" second-keystroke="o" />
    <keyboard-shortcut first-keystroke="meta t" second-keystroke="s" />
  </action>
  <action id="ActivateTerminalToolWindow">
    <keyboard-shortcut first-keystroke="meta t" second-keystroke="t" />
  </action>
  <action id="ActivateVersionControlToolWindow">
    <keyboard-shortcut first-keystroke="meta t" second-keystroke="g" />
  </action>
  <action id="Arrangement.Rule.Edit" />
  <action id="ChangeSignature">
    <keyboard-shortcut first-keystroke="meta j" second-keystroke="meta s" />
  </action>
  <action id="ChangesView.Rename">
    <keyboard-shortcut first-keystroke="shift f6" />
  </action>
  <action id="ChangesView.Revert">
    <keyboard-shortcut first-keystroke="meta g" second-keystroke="r" />
  </action>
  <action id="CheckinProject">
    <keyboard-shortcut first-keystroke="meta k" />
    <keyboard-shortcut first-keystroke="meta g" second-keystroke="c" />
  </action>
  <action id="ChooseDebugConfiguration">
    <keyboard-shortcut first-keystroke="meta d" second-keystroke="d" />
  </action>
  <action id="ChooseRunConfiguration">
    <keyboard-shortcut first-keystroke="meta j" second-keystroke="x" />
  </action>
  <action id="CompareTwoFiles" />
  <action id="CompileDirty">
    <keyboard-shortcut first-keystroke="meta j" second-keystroke="b" />
  </action>
  <action id="CompileProject">
    <keyboard-shortcut first-keystroke="meta j" second-keystroke="c" />
  </action>
  <action id="Debug" />
  <action id="Debugger.AddToWatch">
    <keyboard-shortcut first-keystroke="meta d" second-keystroke="w" />
  </action>
  <action id="Debugger.EditTypeSource" />
  <action id="Diff.ShowDiff" />
  <action id="DuplicatesForm.SendToLeft" />
  <action id="EditSource">
    <keyboard-shortcut first-keystroke="meta down" />
  </action>
  <action id="EditorKillRingSave">
    <keyboard-shortcut first-keystroke="ctrl w" />
    <keyboard-shortcut first-keystroke="meta e" second-keystroke="k" />
  </action>
  <action id="EvaluateExpression">
    <keyboard-shortcut first-keystroke="meta d" second-keystroke="e" />
  </action>
  <action id="ExtractMethod">
    <keyboard-shortcut first-keystroke="meta j" second-keystroke="m" />
    <keyboard-shortcut first-keystroke="meta j" second-keystroke="meta m" />
  </action>
  <action id="FileChooser.GotoDesktop" />
  <action id="FileChooser.GotoHome" />
  <action id="FindNext" />
  <action id="FindUsages">
    <keyboard-shortcut first-keystroke="meta j" second-keystroke="u" />
  </action>
  <action id="ForceRunToCursor" />
  <action id="ForceStepInto" />
  <action id="ForceStepOver" />
  <action id="Generate">
    <keyboard-shortcut first-keystroke="meta n" />
    <keyboard-shortcut first-keystroke="ctrl enter" />
    <keyboard-shortcut first-keystroke="meta j" second-keystroke="g" />
  </action>
  <action id="Git.Branches">
    <keyboard-shortcut first-keystroke="meta g" second-keystroke="b" />
  </action>
  <action id="Git.Commit.And.Push.Executor" />
  <action id="Git.CreateNewBranch">
    <keyboard-shortcut first-keystroke="meta g" second-keystroke="n" />
  </action>
  <action id="Git.Merge">
    <keyboard-shortcut first-keystroke="meta g" second-keystroke="m" />
  </action>
  <action id="Git.Pull">
    <keyboard-shortcut first-keystroke="meta g" second-keystroke="down" />
  </action>
  <action id="Git.Rename.Local.Branch">
    <keyboard-shortcut first-keystroke="shift f6" />
  </action>
  <action id="Git.Reword.Commit">
    <keyboard-shortcut first-keystroke="shift f6" />
  </action>
  <action id="Git.SelectInGitLog">
    <keyboard-shortcut first-keystroke="meta g" second-keystroke="l" />
  </action>
  <action id="Gitmoji.GitCommitAction">
    <keyboard-shortcut first-keystroke="meta g" second-keystroke="shift colon" />
  </action>
  <action id="GotoDeclaration">
    <mouse-shortcut keystroke="meta button1" />
    <mouse-shortcut keystroke="Force touch" />
    <mouse-shortcut keystroke="button2" />
    <keyboard-shortcut first-keystroke="f3" />
  </action>
  <action id="GotoImplementation">
    <keyboard-shortcut first-keystroke="meta j" second-keystroke="down" />
  </action>
  <action id="GotoNextError">
    <keyboard-shortcut first-keystroke="meta e" second-keystroke="n" />
    <keyboard-shortcut first-keystroke="f2" />
  </action>
  <action id="GotoPreviousError">
    <keyboard-shortcut first-keystroke="shift f2" />
    <keyboard-shortcut first-keystroke="meta e" second-keystroke="p" />
  </action>
  <action id="GotoSuperMethod">
    <keyboard-shortcut first-keystroke="meta j" second-keystroke="up" />
  </action>
  <action id="GotoTypeDeclaration">
    <keyboard-shortcut first-keystroke="shift meta b" />
    <keyboard-shortcut first-keystroke="shift ctrl b" />
    <mouse-shortcut keystroke="shift meta button1" />
    <keyboard-shortcut first-keystroke="meta j" second-keystroke="t" />
  </action>
  <action id="GuiDesigner.Duplicate" />
  <action id="GuiDesigner.EditComponent" />
  <action id="GuiDesigner.EditGroup" />
  <action id="HideAllWindows">
    <keyboard-shortcut first-keystroke="meta e" second-keystroke="h" />
  </action>
  <action id="ImplementMethods">
    <keyboard-shortcut first-keystroke="ctrl i" />
    <keyboard-shortcut first-keystroke="meta j" second-keystroke="i" />
  </action>
  <action id="InsertLiveTemplate">
    <keyboard-shortcut first-keystroke="meta j" second-keystroke="space" />
  </action>
  <action id="IntroduceField">
    <keyboard-shortcut first-keystroke="meta j" second-keystroke="meta f" />
  </action>
  <action id="IntroduceParameter" />
  <action id="IntroduceVariable">
    <keyboard-shortcut first-keystroke="meta j" second-keystroke="v" />
    <keyboard-shortcut first-keystroke="meta j" second-keystroke="meta v" />
  </action>
  <action id="MemberPushDown">
    <keyboard-shortcut first-keystroke="meta j" second-keystroke="alt down" />
  </action>
  <action id="MembersPullUp">
    <keyboard-shortcut first-keystroke="meta j" second-keystroke="meta up" />
    <keyboard-shortcut first-keystroke="meta j" second-keystroke="alt up" />
  </action>
  <action id="NewClass">
    <keyboard-shortcut first-keystroke="meta j" second-keystroke="n" />
  </action>
  <action id="NewDir">
    <keyboard-shortcut first-keystroke="meta j" second-keystroke="k" />
  </action>
  <action id="NextTab">
    <keyboard-shortcut first-keystroke="meta e" second-keystroke="right" />
  </action>
  <action id="OpenModuleSettings">
    <keyboard-shortcut first-keystroke="meta down" />
  </action>
  <action id="OptimizeImports" />
  <action id="ParameterInfo">
    <keyboard-shortcut first-keystroke="meta p" />
    <keyboard-shortcut first-keystroke="meta j" second-keystroke="p" />
  </action>
  <action id="PasteMultiple">
    <keyboard-shortcut first-keystroke="meta y" />
    <keyboard-shortcut first-keystroke="ctrl y" />
    <keyboard-shortcut first-keystroke="meta e" second-keystroke="y" />
  </action>
  <action id="Pause">
    <keyboard-shortcut first-keystroke="meta d" second-keystroke="space" />
  </action>
  <action id="PreviousTab">
    <keyboard-shortcut first-keystroke="meta e" second-keystroke="left" />
  </action>
  <action id="QuickEvaluateExpression">
    <keyboard-shortcut first-keystroke="meta d" second-keystroke="q" />
  </action>
  <action id="QuickImplementations">
    <keyboard-shortcut first-keystroke="meta j" second-keystroke="q" />
  </action>
  <action id="QuickJavaDoc">
    <keyboard-shortcut first-keystroke="f1" />
    <keyboard-shortcut first-keystroke="ctrl j" />
    <mouse-shortcut keystroke="control button2" />
    <keyboard-shortcut first-keystroke="meta j" second-keystroke="shift slash" />
  </action>
  <action id="QuickList.Code">
    <keyboard-shortcut first-keystroke="meta j" second-keystroke="j" />
  </action>
  <action id="QuickList.Java">
    <keyboard-shortcut first-keystroke="meta j" second-keystroke="j" />
  </action>
  <action id="RearrangeCode">
    <keyboard-shortcut first-keystroke="meta j" second-keystroke="a" />
  </action>
  <action id="RecentFiles">
    <keyboard-shortcut first-keystroke="meta e" second-keystroke="r" />
  </action>
  <action id="Refactorings.QuickListPopupAction">
    <keyboard-shortcut first-keystroke="ctrl t" />
    <keyboard-shortcut first-keystroke="meta j" second-keystroke="meta r" />
  </action>
  <action id="ReformatCode">
    <keyboard-shortcut first-keystroke="meta j" second-keystroke="f" />
  </action>
  <action id="RenameElement">
    <keyboard-shortcut first-keystroke="shift f6" />
    <keyboard-shortcut first-keystroke="meta j" second-keystroke="r" />
  </action>
  <action id="Resume">
    <keyboard-shortcut first-keystroke="meta d" second-keystroke="r" />
  </action>
  <action id="Run" />
  <action id="RunDashboard.CopyConfiguration" />
  <action id="RunToCursor" />
  <action id="Scala.ShowImplicits">
    <keyboard-shortcut first-keystroke="shift ctrl alt equals" />
    <keyboard-shortcut first-keystroke="shift ctrl alt add" />
  </action>
  <action id="SearchEverywhere">
    <keyboard-shortcut first-keystroke="meta e" second-keystroke="space" />
  </action>
  <action id="SelectInProjectView">
    <keyboard-shortcut first-keystroke="meta e" second-keystroke="o" />
  </action>
  <action id="SendEOF" />
  <action id="ShelvedChanges.Rename">
    <keyboard-shortcut first-keystroke="shift f6" />
  </action>
  <action id="ShowIntentionActions">
    <keyboard-shortcut first-keystroke="alt enter" />
    <keyboard-shortcut first-keystroke="meta 1" />
  </action>
  <action id="SmartStepInto">
    <keyboard-shortcut first-keystroke="meta d" second-keystroke="right" />
  </action>
  <action id="StepInto" />
  <action id="StepOut">
    <keyboard-shortcut first-keystroke="meta d" second-keystroke="up" />
  </action>
  <action id="StepOver">
    <keyboard-shortcut first-keystroke="meta d" second-keystroke="down" />
  </action>
  <action id="Stop">
    <keyboard-shortcut first-keystroke="meta d" second-keystroke="s" />
  </action>
  <action id="StringManipulation.Sort">
    <keyboard-shortcut first-keystroke="meta e" second-keystroke="s" />
  </action>
  <action id="StringManipulation.ToHyphenCaseOrCamelCase">
    <keyboard-shortcut first-keystroke="meta e" second-keystroke="minus" />
  </action>
  <action id="StringManipulation.ToScreamingSnakeCase">
    <keyboard-shortcut first-keystroke="meta e" second-keystroke="shift underscore" />
  </action>
  <action id="SwitcherIterateItems" />
  <action id="SwitcherRecentEditedChangedToggleCheckBox" />
  <action id="ToggleBookmark" />
  <action id="ToggleLineBreakpoint">
    <keyboard-shortcut first-keystroke="meta d" second-keystroke="b" />
  </action>
  <action id="ToggleZenMode">
    <keyboard-shortcut first-keystroke="meta e" second-keystroke="z" />
  </action>
  <action id="TypeHierarchy">
    <keyboard-shortcut first-keystroke="ctrl h" />
    <keyboard-shortcut first-keystroke="f4" />
  </action>
  <action id="UpdateFiles">
    <keyboard-shortcut first-keystroke="meta g" second-keystroke="u" />
  </action>
  <action id="Vcs.EditSource">
    <keyboard-shortcut first-keystroke="meta down" />
  </action>
  <action id="Vcs.Push">
    <keyboard-shortcut first-keystroke="shift meta k" />
    <keyboard-shortcut first-keystroke="meta g" second-keystroke="up" />
  </action>
  <action id="Vcs.ShowMessageHistory">
    <keyboard-shortcut first-keystroke="ctrl m" />
  </action>
  <action id="Vcs.ShowTabbedFileHistory">
    <keyboard-shortcut first-keystroke="meta g" second-keystroke="h" />
  </action>
  <action id="Vcs.UpdateProject" />
  <action id="WicketForgeToggle" />
  <action id="WicketForgeViewStructure" />
  <action id="XDebugger.AttachToProcess">
    <keyboard-shortcut first-keystroke="meta d" second-keystroke="a" />
  </action>
  <action id="XDebugger.CopyWatch" />
  <action id="XDebugger.Inspect">
    <keyboard-shortcut first-keystroke="meta d" second-keystroke="i" />
  </action>
  <action id="XDebugger.JumpToSource">
    <keyboard-shortcut first-keystroke="meta down" />
  </action>
  <action id="XDebugger.MuteBreakpoints">
    <keyboard-shortcut first-keystroke="meta d" second-keystroke="m" />
  </action>
  <action id="XDebugger.SetValue" />
  <action id="editRunConfigurations">
    <keyboard-shortcut first-keystroke="meta d" second-keystroke="c" />
  </action>
  <action id="openAssertEqualsDiff" />
  <action id="osmedile.intellij.stringmanip.ToLowerCaseAction">
    <keyboard-shortcut first-keystroke="meta e" second-keystroke="down" />
  </action>
  <action id="osmedile.intellij.stringmanip.ToUpperCaseAction">
    <keyboard-shortcut first-keystroke="meta e" second-keystroke="up" />
  </action>
</keymap>